gene_name,gene_locus,variant,codon_number,genome_index,ref_nt,alt_nt,ref_aa,alt_aa,Total_R,Total_S,RIF_R,RIF_S,RIF_Conf_Grade,INH_R,INH_S,INH_Conf_Grade,EMB_R,EMB_S,EMB_Conf_Grade,PZA_R,PZA_S,PZA_Conf_Grade,LEV_R,LEV_S,LEV_Conf_Grade,MXF_R,MXF_S,MXF_Conf_Grade,BDQ_R,BDQ_S,BDQ_Conf_Grade,LZD_R,LZD_S,LZD_Conf_Grade,CFZ_R,CFZ_S,CFZ_Conf_Grade,DLM_R,DLM_S,DLM_Conf_Grade,AMI_R,AMI_S,AMI_Conf_Grade,STM_R,STM_S,STM_Conf_Grade,ETH_R,ETH_S,ETH_Conf_Grade,KAN_R,KAN_S,KAN_Conf_Grade,CAP_R,CAP_S,CAP_Conf_Grade,final_annotation.Reference,final_annotation.Position,final_annotation.ReferenceNucleotide,final_annotation.AlternativeNucleotide,final_annotation.Gene,final_annotation.Effect,final_annotation.LocusTag,final_annotation.TentativeHGVSNucleotidicAnnotation,final_annotation.ProteinId,final_annotation.TentativeHGVSProteicAnnotation
gyrA,Rv0006,gyrA_G88C,88,7563,ggc,tgc,Gly,Cys,57,2,,,,,,,,,,,,,28,0,1) Assoc w R,29,2,1) Assoc w R,,,,,,,,,,,,,,,,,,,,,,,,,,,,NC_000962.3,7563,g,t,gyrA,missense_variant,Rv0006,c.262G>T,NP_214520.1,p.Gly88Cys
gyrA,Rv0006,gyrA_A90V,90,7570,gcg,gtg,Ala,Val,1002,425,,,,,,,,,,,,,679,72,1) Assoc w R,323,353,1) Assoc w R,,,,,,,,,,,,,,,,,,,,,,,,,,,,NC_000962.3,7570,c,t,gyrA,missense_variant,Rv0006,c.269C>T,NP_214520.1,p.Ala90Val
gyrA,Rv0006,gyrA_S91P,91,7572,tcg,ccg,Ser,Pro,217,76,,,,,,,,,,,,,127,20,1) Assoc w R,90,56,1) Assoc w R,,,,,,,,,,,,,,,,,,,,,,,,,,,,NC_000962.3,7572,t,c,gyrA,missense_variant,Rv0006,c.271T>C,NP_214520.1,p.Ser91Pro
gyrA,Rv0006,gyrA_D94Y,94,7581,gac,tac,Asp,Tyr,183,44,,,,,,,,,,,,,106,10,1) Assoc w R,77,34,1) Assoc w R,,,,,,,,,,,,,,,,,,,,,,,,,,,,NC_000962.3,7581,g,t,gyrA,missense_variant,Rv0006,c.280G>T,NP_214520.1,p.Asp94Tyr
gyrA,Rv0006,gyrA_D94H,94,7581,gac,cac,Asp,His,74,18,,,,,,,,,,,,,48,3,1) Assoc w R,26,15,1) Assoc w R,,,,,,,,,,,,,,,,,,,,,,,,,,,,NC_000962.3,7581,g,c,gyrA,missense_variant,Rv0006,c.280G>C,NP_214520.1,p.Asp94His
gyrA,Rv0006,gyrA_D94N,94,7581,gac,aac,Asp,Asn,378,52,,,,,,,,,,,,,216,11,1) Assoc w R,162,41,1) Assoc w R,,,,,,,,,,,,,,,,,,,,,,,,,,,,NC_000962.3,7581,g,a,gyrA,missense_variant,Rv0006,c.280G>A,NP_214520.1,p.Asp94Asn
gyrA,Rv0006,gyrA_D94G,94,7582,gac,ggc,Asp,Gly,2005,378,,,,,,,,,,,,,1190,51,1) Assoc w R,815,327,1) Assoc w R,,,,,,,,,,,,,,,,,,,,,,,,,,,,NC_000962.3,7582,a,g,gyrA,missense_variant,Rv0006,c.281A>G,NP_214520.1,p.Asp94Gly
gyrA,Rv0006,gyrA_D94A,94,7582,gac,gcc,Asp,Ala,353,134,,,,,,,,,,,,,228,29,1) Assoc w R,125,105,1) Assoc w R,,,,,,,,,,,,,,,,,,,,,,,,,,,,NC_000962.3,7582,a,c,gyrA,missense_variant,Rv0006,c.281A>C,NP_214520.1,p.Asp94Ala
gyrB,Rv0005,gyrB_D461N,461,6620,gac,aac,Asp,Asn,33,38,,,,,,,,,,,,,24,17,2) Assoc w R - Interim,9,21,2) Assoc w R - Interim,,,,,,,,,,,,,,,,,,,,,,,,,,,,NC_000962.3,6620,g,a,gyrB,missense_variant,Rv0005,c.1381G>A,NP_214519.2,p.Asp461Asn
gyrB,Rv0005,gyrB_N499D,499,6734,aac,gac,Asn,Asp,9,1,,,,,,,,,,,,,6,0,2) Assoc w R - Interim,3,1,2) Assoc w R - Interim,,,,,,,,,,,,,,,,,,,,,,,,,,,,NC_000962.3,6734,a,g,gyrB,missense_variant,Rv0005,c.1495A>G,NP_214519.2,p.Asn499Asp
gyrB,Rv0005,gyrB_E501V,501,6741,gaa,gta,Glu,Val,0,2,,,,,,,,,,,,,0,1,2) Assoc w R - Interim,0,1,2) Assoc w R - Interim,,,,,,,,,,,,,,,,,,,,,,,,,,,,NC_000962.3,6741,a,t,gyrB,missense_variant,Rv0005,c.1502A>T,NP_214519.2,p.Glu501Val
gyrB,Rv0005,gyrB_E501D,501,6742,gaa,gac,Glu,Asp,61,32,,,,,,,,,,,,,28,24,2) Assoc w R - Interim,33,8,1) Assoc w R,,,,,,,,,,,,,,,,,,,,,,,,,,,,NC_000962.3,6742,a,c,gyrB,missense_variant,Rv0005,c.1503A>C,NP_214519.2,p.Glu501Asp
gyrB,Rv0005,gyrB_A504V,504,6750,gcg,gtg,Ala,Val,16,15,,,,,,,,,,,,,8,11,2) Assoc w R - Interim,8,4,2) Assoc w R - Interim,,,,,,,,,,,,,,,,,,,,,,,,,,,,NC_000962.3,6750,c,t,gyrB,missense_variant,Rv0005,c.1511C>T,NP_214519.2,p.Ala504Val
gyrA,Rv0006,gyrA_G88A,88,7564,ggc,gcc,Gly,Ala,12,17,,,,,,,,,,,,,8,8,2) Assoc w R - Interim,4,9,2) Assoc w R - Interim,,,,,,,,,,,,,,,,,,,,,,,,,,,,NC_000962.3,7564,g,c,gyrA,missense_variant,Rv0006,c.263G>C,NP_214520.1,p.Gly88Ala
