gene_name,gene_locus,variant,codon_number,genome_index,ref_nt,alt_nt,ref_aa,alt_aa,Total_R,Total_S,final_annotation.Reference,final_annotation.Position,final_annotation.ReferenceNucleotide,final_annotation.AlternativeNucleotide,final_annotation.Gene,final_annotation.Effect,final_annotation.LocusTag,final_annotation.TentativeHGVSNucleotidicAnnotation,final_annotation.ProteinId,final_annotation.TentativeHGVSProteicAnnotation
gyrB,Rv0005,gyrB_c-170t,,5070,c,t,NA,NA,0,2,NC_000962.3,5070,c,t,gyrB,upstream_gene_variant,Rv0005,c.-170C>T,,
gyrB,Rv0005,gyrB_-165_del_1_cg_c,,5075,cg,c,NA,NA,0,4,NC_000962.3,5075,cg,c,gyrB,upstream_gene_variant,Rv0005,c.-164delG,,
gyrB,Rv0005,gyrB_-165_ins_2_cg_cgtc,,5075,cg,cgtc,NA,NA,0,4,NC_000962.3,5075,cg,cgtc,gyrB,upstream_gene_variant,Rv0005,c.-164_-163insTC,,
gyrB,Rv0005,gyrB_c-165t,,5075,c,t,NA,NA,13,793,NC_000962.3,5075,c,t,gyrB,upstream_gene_variant,Rv0005,c.-165C>T,,
gyrB,Rv0005,gyrB_-165_ins_1_cg_cgt,,5075,cg,cgt,NA,NA,0,72,NC_000962.3,5075,cg,cgt,gyrB,upstream_gene_variant,Rv0005,c.-164_-163insT,,
gyrB,Rv0005,gyrB_c-165a,,5075,c,a,NA,NA,0,2,NC_000962.3,5075,c,a,gyrB,upstream_gene_variant,Rv0005,c.-165C>A,,
gyrB,Rv0005,gyrB_g-164a,,5076,g,a,NA,NA,0,6,NC_000962.3,5076,g,a,gyrB,upstream_gene_variant,Rv0005,c.-164G>A,,
gyrB,Rv0005,gyrB_-164_ins_1_g_gt,,5076,g,gt,NA,NA,0,23,NC_000962.3,5076,g,gt,gyrB,upstream_gene_variant,Rv0005,c.-164_-163insT,,
gyrB,Rv0005,gyrB_-163_ins_2_t_tcg,,5077,t,tcg,NA,NA,0,3,NC_000962.3,5077,t,tcg,gyrB,upstream_gene_variant,Rv0005,c.-163_-162insCG,,
gyrB,Rv0005,gyrB_-163_ins_1_t_tc,,5077,t,tc,NA,NA,0,11,NC_000962.3,5077,t,tc,gyrB,upstream_gene_variant,Rv0005,c.-163_-162insC,,
gyrB,Rv0005,gyrB_-162_del_1_cgggac_cggga,,5078,cgggac,cggga,NA,NA,0,4,NC_000962.3,5078,cgggac,cggga,gyrB,upstream_gene_variant,Rv0005,c.-157delC,,
gyrB,Rv0005,gyrB_-162_ins_1_c_cg,,5078,c,cg,NA,NA,0,12,NC_000962.3,5078,c,cg,gyrB,upstream_gene_variant,Rv0005,c.-162_-161insG,,
gyrB,Rv0005,gyrB_-162_ins_1_cgggac_cggggac,,5078,cgggac,cggggac,NA,NA,0,22,NC_000962.3,5078,cgggac,cggggac,gyrB,upstream_gene_variant,Rv0005,c.-159_-158insG,,
gyrB,Rv0005,gyrB_-162_ins_1_cgggac_cgggaac,,5078,cgggac,cgggaac,NA,NA,1,2,NC_000962.3,5078,cgggac,cgggaac,gyrB,upstream_gene_variant,Rv0005,c.-158_-157insA,,
gyrB,Rv0005,gyrB_c-162t,,5078,c,t,NA,NA,0,1,NC_000962.3,5078,c,t,gyrB,upstream_gene_variant,Rv0005,c.-162C>T,,
gyrB,Rv0005,gyrB_-162_ins_1_cgggac_cgggtac,,5078,cgggac,cgggtac,NA,NA,0,2,NC_000962.3,5078,cgggac,cgggtac,gyrB,upstream_gene_variant,Rv0005,c.-159_-158insT,,
gyrB,Rv0005,gyrB_-162_ins_2_cgggac_cgggagac,,5078,cgggac,cgggagac,NA,NA,0,3,NC_000962.3,5078,cgggac,cgggagac,gyrB,upstream_gene_variant,Rv0005,c.-158_-157insGA,,
gyrB,Rv0005,gyrB_g-159c,,5081,g,c,NA,NA,0,4,NC_000962.3,5081,g,c,gyrB,upstream_gene_variant,Rv0005,c.-159G>C,,
gyrB,Rv0005,gyrB_g-159a,,5081,g,a,NA,NA,0,2,NC_000962.3,5081,g,a,gyrB,upstream_gene_variant,Rv0005,c.-159G>A,,
gyrB,Rv0005,gyrB_-159_ins_1_g_ga,,5081,g,ga,NA,NA,0,1,NC_000962.3,5081,g,ga,gyrB,upstream_gene_variant,Rv0005,c.-159_-158insA,,
gyrB,Rv0005,gyrB_a-158g,,5082,a,g,NA,NA,0,2,NC_000962.3,5082,a,g,gyrB,upstream_gene_variant,Rv0005,c.-158A>G,,
gyrB,Rv0005,gyrB_c-157t,,5083,c,t,NA,NA,0,4,NC_000962.3,5083,c,t,gyrB,upstream_gene_variant,Rv0005,c.-157C>T,,
gyrB,Rv0005,gyrB_c-157a,,5083,c,a,NA,NA,0,2,NC_000962.3,5083,c,a,gyrB,upstream_gene_variant,Rv0005,c.-157C>A,,
gyrB,Rv0005,gyrB_c-155t,,5085,c,t,NA,NA,0,2,NC_000962.3,5085,c,t,gyrB,upstream_gene_variant,Rv0005,c.-155C>T,,
gyrB,Rv0005,gyrB_a-154c,,5086,a,c,NA,NA,0,12,NC_000962.3,5086,a,c,gyrB,upstream_gene_variant,Rv0005,c.-154A>C,,
gyrB,Rv0005,gyrB_c-153t,,5087,c,t,NA,NA,0,6,NC_000962.3,5087,c,t,gyrB,upstream_gene_variant,Rv0005,c.-153C>T,,
gyrB,Rv0005,gyrB_c-152t,,5088,c,t,NA,NA,0,2,NC_000962.3,5088,c,t,gyrB,upstream_gene_variant,Rv0005,c.-152C>T,,
gyrB,Rv0005,gyrB_t-140c,,5100,t,c,NA,NA,0,3,NC_000962.3,5100,t,c,gyrB,upstream_gene_variant,Rv0005,c.-140T>C,,
gyrB,Rv0005,gyrB_c-137a,,5103,c,a,NA,NA,0,1,NC_000962.3,5103,c,a,gyrB,upstream_gene_variant,Rv0005,c.-137C>A,,
gyrB,Rv0005,gyrB_c-136t,,5104,c,t,NA,NA,0,1,NC_000962.3,5104,c,t,gyrB,upstream_gene_variant,Rv0005,c.-136C>T,,
gyrB,Rv0005,gyrB_a-134g,,5106,a,g,NA,NA,0,1,NC_000962.3,5106,a,g,gyrB,upstream_gene_variant,Rv0005,c.-134A>G,,
gyrB,Rv0005,gyrB_g-132a,,5108,g,a,NA,NA,0,2,NC_000962.3,5108,g,a,gyrB,upstream_gene_variant,Rv0005,c.-132G>A,,
gyrB,Rv0005,gyrB_a-130g,,5110,a,g,NA,NA,0,14,NC_000962.3,5110,a,g,gyrB,upstream_gene_variant,Rv0005,c.-130A>G,,
gyrB,Rv0005,gyrB_g-125t,,5115,g,t,NA,NA,0,2,NC_000962.3,5115,g,t,gyrB,upstream_gene_variant,Rv0005,c.-125G>T,,
gyrB,Rv0005,gyrB_g-123c,,5117,g,c,NA,NA,0,2,NC_000962.3,5117,g,c,gyrB,upstream_gene_variant,Rv0005,c.-123G>C,,
gyrB,Rv0005,gyrB_-118_ins_1_g_gt,,5122,g,gt,NA,NA,0,2,NC_000962.3,5122,g,gt,gyrB,upstream_gene_variant,Rv0005,c.-118_-117insT,,
gyrB,Rv0005,gyrB_g-114c,,5126,g,c,NA,NA,0,2,NC_000962.3,5126,g,c,gyrB,upstream_gene_variant,Rv0005,c.-114G>C,,
gyrB,Rv0005,gyrB_a-107c,,5133,a,c,NA,NA,0,6,NC_000962.3,5133,a,c,gyrB,upstream_gene_variant,Rv0005,c.-107A>C,,
gyrB,Rv0005,gyrB_a-104c,,5136,a,c,NA,NA,0,2,NC_000962.3,5136,a,c,gyrB,upstream_gene_variant,Rv0005,c.-104A>C,,
gyrB,Rv0005,gyrB_g-102a,,5138,g,a,NA,NA,0,2,NC_000962.3,5138,g,a,gyrB,upstream_gene_variant,Rv0005,c.-102G>A,,
gyrB,Rv0005,gyrB_c-100t,,5140,c,t,NA,NA,1,1,NC_000962.3,5140,c,t,gyrB,upstream_gene_variant,Rv0005,c.-100C>T,,
gyrB,Rv0005,gyrB_g-98t,,5142,g,t,NA,NA,0,2,NC_000962.3,5142,g,t,gyrB,upstream_gene_variant,Rv0005,c.-98G>T,,
gyrB,Rv0005,gyrB_g-95c,,5145,g,c,NA,NA,0,2,NC_000962.3,5145,g,c,gyrB,upstream_gene_variant,Rv0005,c.-95G>C,,
gyrB,Rv0005,gyrB_t-93c,,5147,t,c,NA,NA,2,2,NC_000962.3,5147,t,c,gyrB,upstream_gene_variant,Rv0005,c.-93T>C,,
gyrB,Rv0005,gyrB_c-89a,,5151,c,a,NA,NA,0,2,NC_000962.3,5151,c,a,gyrB,upstream_gene_variant,Rv0005,c.-89C>A,,
gyrB,Rv0005,gyrB_c-87g,,5153,c,g,NA,NA,0,5,NC_000962.3,5153,c,g,gyrB,upstream_gene_variant,Rv0005,c.-87C>G,,
gyrB,Rv0005,gyrB_-86_del_1_tg_t,,5154,tg,t,NA,NA,0,1,NC_000962.3,5154,tg,t,gyrB,upstream_gene_variant,Rv0005,c.-85delG,,
gyrB,Rv0005,gyrB_c-83t,,5157,c,t,NA,NA,0,1,NC_000962.3,5157,c,t,gyrB,upstream_gene_variant,Rv0005,c.-83C>T,,
gyrB,Rv0005,gyrB_c-80a,,5160,c,a,NA,NA,0,2,NC_000962.3,5160,c,a,gyrB,upstream_gene_variant,Rv0005,c.-80C>A,,
gyrB,Rv0005,gyrB_g-66t,,5174,g,t,NA,NA,0,2,NC_000962.3,5174,g,t,gyrB,upstream_gene_variant,Rv0005,c.-66G>T,,
gyrB,Rv0005,gyrB_-60_ins_2_t_tgc,,5180,t,tgc,NA,NA,2,0,NC_000962.3,5180,t,tgc,gyrB,upstream_gene_variant,Rv0005,c.-60_-59insGC,,
gyrB,Rv0005,gyrB_t-60c,,5180,t,c,NA,NA,0,2,NC_000962.3,5180,t,c,gyrB,upstream_gene_variant,Rv0005,c.-60T>C,,
gyrB,Rv0005,gyrB_-60_ins_1_t_tg,,5180,t,tg,NA,NA,2,0,NC_000962.3,5180,t,tg,gyrB,upstream_gene_variant,Rv0005,c.-60_-59insG,,
gyrB,Rv0005,gyrB_c-58g,,5182,c,g,NA,NA,0,4,NC_000962.3,5182,c,g,gyrB,upstream_gene_variant,Rv0005,c.-58C>G,,
gyrB,Rv0005,gyrB_-56_del_1_ac_a,,5184,ac,a,NA,NA,0,5,NC_000962.3,5184,ac,a,gyrB,upstream_gene_variant,Rv0005,c.-55delC,,
gyrB,Rv0005,gyrB_c-55t,,5185,c,t,NA,NA,0,2,NC_000962.3,5185,c,t,gyrB,upstream_gene_variant,Rv0005,c.-55C>T,,
gyrB,Rv0005,gyrB_c-54t,,5186,c,t,NA,NA,0,2,NC_000962.3,5186,c,t,gyrB,upstream_gene_variant,Rv0005,c.-54C>T,,
gyrB,Rv0005,gyrB_c-53g,,5187,c,g,NA,NA,0,4,NC_000962.3,5187,c,g,gyrB,upstream_gene_variant,Rv0005,c.-53C>G,,
gyrB,Rv0005,gyrB_c-53t,,5187,c,t,NA,NA,0,1,NC_000962.3,5187,c,t,gyrB,upstream_gene_variant,Rv0005,c.-53C>T,,
gyrB,Rv0005,gyrB_c-52t,,5188,c,t,NA,NA,0,2,NC_000962.3,5188,c,t,gyrB,upstream_gene_variant,Rv0005,c.-52C>T,,
gyrB,Rv0005,gyrB_c-45g,,5195,c,g,NA,NA,0,4,NC_000962.3,5195,c,g,gyrB,upstream_gene_variant,Rv0005,c.-45C>G,,
gyrB,Rv0005,gyrB_c-37t,,5203,c,t,NA,NA,0,2,NC_000962.3,5203,c,t,gyrB,upstream_gene_variant,Rv0005,c.-37C>T,,
gyrB,Rv0005,gyrB_g-35t,,5205,g,t,NA,NA,1,0,NC_000962.3,5205,g,t,gyrB,upstream_gene_variant,Rv0005,c.-35G>T,,
gyrB,Rv0005,gyrB_c-34t,,5206,c,t,NA,NA,0,2,NC_000962.3,5206,c,t,gyrB,upstream_gene_variant,Rv0005,c.-34C>T,,
gyrB,Rv0005,gyrB_c-26g,,5214,c,g,NA,NA,0,3,NC_000962.3,5214,c,g,gyrB,upstream_gene_variant,Rv0005,c.-26C>G,,
gyrB,Rv0005,gyrB_c-20t,,5220,c,t,NA,NA,0,2,NC_000962.3,5220,c,t,gyrB,upstream_gene_variant,Rv0005,c.-20C>T,,
gyrB,Rv0005,gyrB_g-13c,,5227,g,c,NA,NA,2,2,NC_000962.3,5227,g,c,gyrB,upstream_gene_variant,Rv0005,c.-13G>C,,
gyrB,Rv0005,gyrB_t-10c,,5230,t,c,NA,NA,0,2,NC_000962.3,5230,t,c,gyrB,upstream_gene_variant,Rv0005,c.-10T>C,,
gyrB,Rv0005,gyrB_a-9g,,5231,a,g,NA,NA,0,1,NC_000962.3,5231,a,g,gyrB,upstream_gene_variant,Rv0005,c.-9A>G,,
gyrB,Rv0005,gyrB_g-4a,,5236,g,a,NA,NA,0,2,NC_000962.3,5236,g,a,gyrB,upstream_gene_variant,Rv0005,c.-4G>A,,
gyrB,Rv0005,gyrB_c-1g,,5239,c,g,NA,NA,0,6,NC_000962.3,5239,c,g,gyrB,upstream_gene_variant,Rv0005,c.-1C>G,,
gyrB,Rv0005,gyrB_Q4R,4,5250,cag,cgg,Gln,Arg,0,1,NC_000962.3,5250,a,g,gyrB,missense_variant,Rv0005,c.11A>G,NP_214519.2,p.Gln4Arg
gyrB,Rv0005,gyrB_K7Q,7,5258,aag,cag,Lys,Gln,0,2,NC_000962.3,5258,a,c,gyrB,missense_variant,Rv0005,c.19A>C,NP_214519.2,p.Lys7Gln
gyrB,Rv0005,gyrB_Q9H,9,5266,caa,cac,Gln,His,1,0,NC_000962.3,5266,a,c,gyrB,missense_variant,Rv0005,c.27A>C,NP_214519.2,p.Gln9His
gyrB,Rv0005,gyrB_S16C,16,5286,tct,tgt,Ser,Cys,1,1,NC_000962.3,5286,c,g,gyrB,missense_variant,Rv0005,c.47C>G,NP_214519.2,p.Ser16Cys
gyrB,Rv0005,gyrB_T18T,18,5293,acc,act,Thr,Thr,0,4,NC_000962.3,5293,c,t,gyrB,synonymous_variant,Rv0005,c.54C>T,NP_214519.2,p.Thr18Thr
gyrB,Rv0005,gyrB_I19L,19,5294,att,ctt,Ile,Leu,0,2,NC_000962.3,5294,a,c,gyrB,missense_variant,Rv0005,c.55A>C,NP_214519.2,p.Ile19Leu
gyrB,Rv0005,gyrB_I19I,19,5296,att,atc,Ile,Ile,0,1,NC_000962.3,5296,t,c,gyrB,synonymous_variant,Rv0005,c.57T>C,NP_214519.2,p.Ile19Ile
gyrB,Rv0005,gyrB_L20L,20,5299,ctc,ctt,Leu,Leu,0,2,NC_000962.3,5299,c,t,gyrB,synonymous_variant,Rv0005,c.60C>T,NP_214519.2,p.Leu20Leu
gyrB,Rv0005,gyrB_L20L,20,5299,ctc,cta,Leu,Leu,1,1,NC_000962.3,5299,c,a,gyrB,synonymous_variant,Rv0005,c.60C>A,NP_214519.2,p.Leu20Leu
gyrB,Rv0005,gyrB_E21K,21,5300,gaa,aaa,Glu,Lys,0,2,NC_000962.3,5300,g,a,gyrB,missense_variant,Rv0005,c.61G>A,NP_214519.2,p.Glu21Lys
gyrB,Rv0005,gyrB_E21D,21,5302,gaa,gat,Glu,Asp,0,2,NC_000962.3,5302,a,t,gyrB,missense_variant,Rv0005,c.63A>T,NP_214519.2,p.Glu21Asp
gyrB,Rv0005,gyrB_G22G,22,5305,ggg,ggc,Gly,Gly,0,2,NC_000962.3,5305,g,c,gyrB,synonymous_variant,Rv0005,c.66G>C,NP_214519.2,p.Gly22Gly
gyrB,Rv0005,gyrB_E24K,24,5309,gag,aag,Glu,Lys,0,1,NC_000962.3,5309,g,a,gyrB,missense_variant,Rv0005,c.70G>A,NP_214519.2,p.Glu24Lys
gyrB,Rv0005,gyrB_E24E,24,5311,gag,gaa,Glu,Glu,0,2,NC_000962.3,5311,g,a,gyrB,synonymous_variant,Rv0005,c.72G>A,NP_214519.2,p.Glu24Glu
gyrB,Rv0005,gyrB_A25A,25,5314,gcc,gct,Ala,Ala,0,2,NC_000962.3,5314,c,t,gyrB,synonymous_variant,Rv0005,c.75C>T,NP_214519.2,p.Ala25Ala
gyrB,Rv0005,gyrB_V26V,26,5317,gtc,gta,Val,Val,0,4,NC_000962.3,5317,c,a,gyrB,synonymous_variant,Rv0005,c.78C>A,NP_214519.2,p.Val26Val
gyrB,Rv0005,gyrB_G31G,31,5332,ggc,ggt,Gly,Gly,16,17,NC_000962.3,5332,c,t,gyrB,synonymous_variant,Rv0005,c.93C>T,NP_214519.2,p.Gly31Gly
gyrB,Rv0005,gyrB_G31G,31,5332,ggc,gga,Gly,Gly,0,2,NC_000962.3,5332,c,a,gyrB,synonymous_variant,Rv0005,c.93C>A,NP_214519.2,p.Gly31Gly
gyrB,Rv0005,gyrB_I34V,34,5339,att,gtt,Ile,Val,0,11,NC_000962.3,5339,a,g,gyrB,missense_variant,Rv0005,c.100A>G,NP_214519.2,p.Ile34Val
gyrB,Rv0005,gyrB_T37S,37,5349,acc,agc,Thr,Ser,0,2,NC_000962.3,5349,c,g,gyrB,missense_variant,Rv0005,c.110C>G,NP_214519.2,p.Thr37Ser
gyrB,Rv0005,gyrB_T37T,37,5350,acc,act,Thr,Thr,0,4,NC_000962.3,5350,c,t,gyrB,synonymous_variant,Rv0005,c.111C>T,NP_214519.2,p.Thr37Thr
gyrB,Rv0005,gyrB_G38S,38,5351,ggt,agt,Gly,Ser,0,2,NC_000962.3,5351,g,a,gyrB,missense_variant,Rv0005,c.112G>A,NP_214519.2,p.Gly38Ser
gyrB,Rv0005,gyrB_R40R,40,5359,cgc,cgt,Arg,Arg,0,5,NC_000962.3,5359,c,t,gyrB,synonymous_variant,Rv0005,c.120C>T,NP_214519.2,p.Arg40Arg
gyrB,Rv0005,gyrB_R40R,40,5359,cgc,cgg,Arg,Arg,0,1,NC_000962.3,5359,c,g,gyrB,synonymous_variant,Rv0005,c.120C>G,NP_214519.2,p.Arg40Arg
gyrB,Rv0005,gyrB_I46S,46,5376,att,agt,Ile,Ser,0,1,NC_000962.3,5376,t,g,gyrB,missense_variant,Rv0005,c.137T>G,NP_214519.2,p.Ile46Ser
gyrB,Rv0005,gyrB_I46I,46,5377,att,atc,Ile,Ile,0,2,NC_000962.3,5377,t,c,gyrB,synonymous_variant,Rv0005,c.138T>C,NP_214519.2,p.Ile46Ile
gyrB,Rv0005,gyrB_V50V,50,5389,gtc,gta,Val,Val,0,2,NC_000962.3,5389,c,a,gyrB,synonymous_variant,Rv0005,c.150C>A,NP_214519.2,p.Val50Val
gyrB,Rv0005,gyrB_M58I,58,5413,atg,ata,Met,Ile,0,2,NC_000962.3,5413,g,a,gyrB,missense_variant,Rv0005,c.174G>A,NP_214519.2,p.Met58Ile
gyrB,Rv0005,gyrB_N66H,66,5435,aac,cac,Asn,His,0,1,NC_000962.3,5435,a,c,gyrB,missense_variant,Rv0005,c.196A>C,NP_214519.2,p.Asn66His
gyrB,Rv0005,gyrB_N66S,66,5436,aac,agc,Asn,Ser,0,13,NC_000962.3,5436,a,g,gyrB,missense_variant,Rv0005,c.197A>G,NP_214519.2,p.Asn66Ser
gyrB,Rv0005,gyrB_L69L,69,5444,ctg,ttg,Leu,Leu,4,2,NC_000962.3,5444,c,t,gyrB,synonymous_variant,Rv0005,c.205C>T,NP_214519.2,p.Leu69Leu
gyrB,Rv0005,gyrB_L69V,69,5444,ctg,gtg,Leu,Val,0,4,NC_000962.3,5444,c,g,gyrB,missense_variant,Rv0005,c.205C>G,NP_214519.2,p.Leu69Val
gyrB,Rv0005,gyrB_E71E,71,5452,gag,gaa,Glu,Glu,0,1,NC_000962.3,5452,g,a,gyrB,synonymous_variant,Rv0005,c.213G>A,NP_214519.2,p.Glu71Glu
gyrB,Rv0005,gyrB_E71D,71,5452,gag,gat,Glu,Asp,0,1,NC_000962.3,5452,g,t,gyrB,missense_variant,Rv0005,c.213G>T,NP_214519.2,p.Glu71Asp
gyrB,Rv0005,gyrB_G73G,73,5458,ggc,gga,Gly,Gly,1,1,NC_000962.3,5458,c,a,gyrB,synonymous_variant,Rv0005,c.219C>A,NP_214519.2,p.Gly73Gly
gyrB,Rv0005,gyrB_V75G,75,5463,gtc,ggc,Val,Gly,0,2,NC_000962.3,5463,t,g,gyrB,missense_variant,Rv0005,c.224T>G,NP_214519.2,p.Val75Gly
gyrB,Rv0005,gyrB_V77V,77,5470,gtc,gtt,Val,Val,13,1,NC_000962.3,5470,c,t,gyrB,synonymous_variant,Rv0005,c.231C>T,NP_214519.2,p.Val77Val
gyrB,Rv0005,gyrB_A78T,78,5471,gcc,acc,Ala,Thr,0,1,NC_000962.3,5471,g,a,gyrB,missense_variant,Rv0005,c.232G>A,NP_214519.2,p.Ala78Thr
gyrB,Rv0005,gyrB_A78G,78,5472,gcc,ggc,Ala,Gly,0,2,NC_000962.3,5472,c,g,gyrB,missense_variant,Rv0005,c.233C>G,NP_214519.2,p.Ala78Gly
gyrB,Rv0005,gyrB_A78V,78,5472,gcc,gtc,Ala,Val,0,1,NC_000962.3,5472,c,t,gyrB,missense_variant,Rv0005,c.233C>T,NP_214519.2,p.Ala78Val
gyrB,Rv0005,gyrB_I84V,84,5489,att,gtt,Ile,Val,0,35,NC_000962.3,5489,a,g,gyrB,missense_variant,Rv0005,c.250A>G,NP_214519.2,p.Ile84Val
gyrB,Rv0005,gyrB_A87G,87,5499,gcc,ggc,Ala,Gly,0,1,NC_000962.3,5499,c,g,gyrB,missense_variant,Rv0005,c.260C>G,NP_214519.2,p.Ala87Gly
gyrB,Rv0005,gyrB_A90T,90,5507,gcc,acc,Ala,Thr,0,2,NC_000962.3,5507,g,a,gyrB,missense_variant,Rv0005,c.268G>A,NP_214519.2,p.Ala90Thr
gyrB,Rv0005,gyrB_A90G,90,5508,gcc,ggc,Ala,Gly,0,12,NC_000962.3,5508,c,g,gyrB,missense_variant,Rv0005,c.269C>G,NP_214519.2,p.Ala90Gly
gyrB,Rv0005,gyrB_A90A,90,5509,gcc,gct,Ala,Ala,0,3,NC_000962.3,5509,c,t,gyrB,synonymous_variant,Rv0005,c.270C>T,NP_214519.2,p.Ala90Ala
gyrB,Rv0005,gyrB_S91S,91,5512,tcc,tcg,Ser,Ser,0,2,NC_000962.3,5512,c,g,gyrB,synonymous_variant,Rv0005,c.273C>G,NP_214519.2,p.Ser91Ser
gyrB,Rv0005,gyrB_I93V,93,5516,ata,gta,Ile,Val,0,22,NC_000962.3,5516,a,g,gyrB,missense_variant,Rv0005,c.277A>G,NP_214519.2,p.Ile93Val
gyrB,Rv0005,gyrB_P94L,94,5520,ccg,ctg,Pro,Leu,8,530,NC_000962.3,5520,c,t,gyrB,missense_variant,Rv0005,c.281C>T,NP_214519.2,p.Pro94Leu
gyrB,Rv0005,gyrB_T95T,95,5524,acc,aca,Thr,Thr,0,6,NC_000962.3,5524,c,a,gyrB,synonymous_variant,Rv0005,c.285C>A,NP_214519.2,p.Thr95Thr
gyrB,Rv0005,gyrB_T95T,95,5524,acc,acg,Thr,Thr,0,1,NC_000962.3,5524,c,g,gyrB,synonymous_variant,Rv0005,c.285C>G,NP_214519.2,p.Thr95Thr
gyrB,Rv0005,gyrB_D97D,97,5530,gac,gat,Asp,Asp,0,20,NC_000962.3,5530,c,t,gyrB,synonymous_variant,Rv0005,c.291C>T,NP_214519.2,p.Asp97Asp
gyrB,Rv0005,gyrB_D97E,97,5530,gac,gag,Asp,Glu,0,2,NC_000962.3,5530,c,g,gyrB,missense_variant,Rv0005,c.291C>G,NP_214519.2,p.Asp97Glu
gyrB,Rv0005,gyrB_M100V,100,5537,atg,gtg,Met,Val,5,0,NC_000962.3,5537,a,g,gyrB,missense_variant,Rv0005,c.298A>G,NP_214519.2,p.Met100Val
gyrB,Rv0005,gyrB_L103L,103,5546,cta,tta,Leu,Leu,0,6,NC_000962.3,5546,c,t,gyrB,synonymous_variant,Rv0005,c.307C>T,NP_214519.2,p.Leu103Leu
gyrB,Rv0005,gyrB_L103L,103,5548,cta,ctg,Leu,Leu,0,2,NC_000962.3,5548,a,g,gyrB,synonymous_variant,Rv0005,c.309A>G,NP_214519.2,p.Leu103Leu
gyrB,Rv0005,gyrB_A105A,105,5554,gcc,gcg,Ala,Ala,0,2,NC_000962.3,5554,c,g,gyrB,synonymous_variant,Rv0005,c.315C>G,NP_214519.2,p.Ala105Ala
gyrB,Rv0005,gyrB_D112H,112,5573,gac,cac,Asp,His,0,4,NC_000962.3,5573,g,c,gyrB,missense_variant,Rv0005,c.334G>C,NP_214519.2,p.Asp112His
gyrB,Rv0005,gyrB_A113A,113,5578,gcg,gct,Ala,Ala,0,2,NC_000962.3,5578,g,t,gyrB,synonymous_variant,Rv0005,c.339G>T,NP_214519.2,p.Ala113Ala
gyrB,Rv0005,gyrB_A113A,113,5578,gcg,gcc,Ala,Ala,0,1,NC_000962.3,5578,g,c,gyrB,synonymous_variant,Rv0005,c.339G>C,NP_214519.2,p.Ala113Ala
gyrB,Rv0005,gyrB_A115V,115,5583,gcg,gtg,Ala,Val,0,2,NC_000962.3,5583,c,t,gyrB,missense_variant,Rv0005,c.344C>T,NP_214519.2,p.Ala115Val
gyrB,Rv0005,gyrB_I116M,116,5587,ata,atg,Ile,Met,0,1,NC_000962.3,5587,a,g,gyrB,missense_variant,Rv0005,c.348A>G,NP_214519.2,p.Ile116Met
gyrB,Rv0005,gyrB_S117S,117,5590,tct,tcg,Ser,Ser,0,2,NC_000962.3,5590,t,g,gyrB,synonymous_variant,Rv0005,c.351T>G,NP_214519.2,p.Ser117Ser
gyrB,Rv0005,gyrB_L120L,120,5597,ctg,ttg,Leu,Leu,0,1,NC_000962.3,5597,c,t,gyrB,synonymous_variant,Rv0005,c.358C>T,NP_214519.2,p.Leu120Leu
gyrB,Rv0005,gyrB_G122G,122,5605,ggc,ggt,Gly,Gly,0,1,NC_000962.3,5605,c,t,gyrB,synonymous_variant,Rv0005,c.366C>T,NP_214519.2,p.Gly122Gly
gyrB,Rv0005,gyrB_A130S,130,5627,gcg,tcg,Ala,Ser,0,19,NC_000962.3,5627,g,t,gyrB,missense_variant,Rv0005,c.388G>T,NP_214519.2,p.Ala130Ser
gyrB,Rv0005,gyrB_R134R,134,5641,cgg,cga,Arg,Arg,0,1,NC_000962.3,5641,g,a,gyrB,synonymous_variant,Rv0005,c.402G>A,NP_214519.2,p.Arg134Arg
gyrB,Rv0005,gyrB_K140E,140,5657,aag,gag,Lys,Glu,0,2,NC_000962.3,5657,a,g,gyrB,missense_variant,Rv0005,c.418A>G,NP_214519.2,p.Lys140Glu
gyrB,Rv0005,gyrB_G143R,143,5666,ggg,cgg,Gly,Arg,0,1,NC_000962.3,5666,g,c,gyrB,missense_variant,Rv0005,c.427G>C,NP_214519.2,p.Gly143Arg
gyrB,Rv0005,gyrB_Y144F,144,5670,tac,ttc,Tyr,Phe,2,0,NC_000962.3,5670,a,t,gyrB,missense_variant,Rv0005,c.431A>T,NP_214519.2,p.Tyr144Phe
gyrB,Rv0005,gyrB_E145E,145,5674,gag,gaa,Glu,Glu,0,2,NC_000962.3,5674,g,a,gyrB,synonymous_variant,Rv0005,c.435G>A,NP_214519.2,p.Glu145Glu
gyrB,Rv0005,gyrB_S147F,147,5679,tct,ttt,Ser,Phe,0,2,NC_000962.3,5679,c,t,gyrB,missense_variant,Rv0005,c.440C>T,NP_214519.2,p.Ser147Phe
gyrB,Rv0005,gyrB_Q148E,148,5681,cag,gag,Gln,Glu,0,2,NC_000962.3,5681,c,g,gyrB,missense_variant,Rv0005,c.442C>G,NP_214519.2,p.Gln148Glu
gyrB,Rv0005,gyrB_E154E,154,5701,gaa,gag,Glu,Glu,0,2,NC_000962.3,5701,a,g,gyrB,synonymous_variant,Rv0005,c.462A>G,NP_214519.2,p.Glu154Glu
gyrB,Rv0005,gyrB_L156M,156,5705,ctg,atg,Leu,Met,0,2,NC_000962.3,5705,c,a,gyrB,missense_variant,Rv0005,c.466C>A,NP_214519.2,p.Leu156Met
gyrB,Rv0005,gyrB_L156L,156,5705,ctg,ttg,Leu,Leu,0,2,NC_000962.3,5705,c,t,gyrB,synonymous_variant,Rv0005,c.466C>T,NP_214519.2,p.Leu156Leu
gyrB,Rv0005,gyrB_L156L,156,5707,ctg,ctt,Leu,Leu,0,2,NC_000962.3,5707,g,t,gyrB,synonymous_variant,Rv0005,c.468G>T,NP_214519.2,p.Leu156Leu
gyrB,Rv0005,gyrB_G157G,157,5710,ggc,ggt,Gly,Gly,0,2,NC_000962.3,5710,c,t,gyrB,synonymous_variant,Rv0005,c.471C>T,NP_214519.2,p.Gly157Gly
gyrB,Rv0005,gyrB_L158L,158,5713,ctc,ctg,Leu,Leu,0,2,NC_000962.3,5713,c,g,gyrB,synonymous_variant,Rv0005,c.474C>G,NP_214519.2,p.Leu158Leu
gyrB,Rv0005,gyrB_K159M,159,5715,aag,atg,Lys,Met,0,2,NC_000962.3,5715,a,t,gyrB,missense_variant,Rv0005,c.476A>T,NP_214519.2,p.Lys159Met
gyrB,Rv0005,gyrB_A162S,162,5723,gcg,tcg,Ala,Ser,0,2,NC_000962.3,5723,g,t,gyrB,missense_variant,Rv0005,c.484G>T,NP_214519.2,p.Ala162Ser
gyrB,Rv0005,gyrB_A162E,162,5724,gcg,gag,Ala,Glu,0,1,NC_000962.3,5724,c,a,gyrB,missense_variant,Rv0005,c.485C>A,NP_214519.2,p.Ala162Glu
gyrB,Rv0005,gyrB_P163S,163,5726,ccg,tcg,Pro,Ser,0,2,NC_000962.3,5726,c,t,gyrB,missense_variant,Rv0005,c.487C>T,NP_214519.2,p.Pro163Ser
gyrB,Rv0005,gyrB_P163L,163,5727,ccg,ctg,Pro,Leu,0,4,NC_000962.3,5727,c,t,gyrB,missense_variant,Rv0005,c.488C>T,NP_214519.2,p.Pro163Leu
gyrB,Rv0005,gyrB_T164T,164,5731,acc,act,Thr,Thr,1,20,NC_000962.3,5731,c,t,gyrB,synonymous_variant,Rv0005,c.492C>T,NP_214519.2,p.Thr164Thr
gyrB,Rv0005,gyrB_K165K,165,5734,aag,aaa,Lys,Lys,1,3,NC_000962.3,5734,g,a,gyrB,synonymous_variant,Rv0005,c.495G>A,NP_214519.2,p.Lys165Lys
gyrB,Rv0005,gyrB_T167M,167,5739,acg,atg,Thr,Met,2,0,NC_000962.3,5739,c,t,gyrB,missense_variant,Rv0005,c.500C>T,NP_214519.2,p.Thr167Met
gyrB,Rv0005,gyrB_G168G,168,5743,ggg,ggt,Gly,Gly,0,2,NC_000962.3,5743,g,t,gyrB,synonymous_variant,Rv0005,c.504G>T,NP_214519.2,p.Gly168Gly
gyrB,Rv0005,gyrB_T170A,170,5747,acg,gcg,Thr,Ala,0,3,NC_000962.3,5747,a,g,gyrB,missense_variant,Rv0005,c.508A>G,NP_214519.2,p.Thr170Ala
gyrB,Rv0005,gyrB_T170K,170,5748,acg,aag,Thr,Lys,0,1,NC_000962.3,5748,c,a,gyrB,missense_variant,Rv0005,c.509C>A,NP_214519.2,p.Thr170Lys
gyrB,Rv0005,gyrB_T170M,170,5748,acg,atg,Thr,Met,0,2,NC_000962.3,5748,c,t,gyrB,missense_variant,Rv0005,c.509C>T,NP_214519.2,p.Thr170Met
gyrB,Rv0005,gyrB_V171V,171,5752,gtg,gta,Val,Val,1,39,NC_000962.3,5752,g,a,gyrB,synonymous_variant,Rv0005,c.513G>A,NP_214519.2,p.Val171Val
gyrB,Rv0005,gyrB_A175T,175,5762,gcc,acc,Ala,Thr,0,2,NC_000962.3,5762,g,a,gyrB,missense_variant,Rv0005,c.523G>A,NP_214519.2,p.Ala175Thr
gyrB,Rv0005,gyrB_A175A,175,5764,gcc,gcg,Ala,Ala,0,2,NC_000962.3,5764,c,g,gyrB,synonymous_variant,Rv0005,c.525C>G,NP_214519.2,p.Ala175Ala
gyrB,Rv0005,gyrB_D176D,176,5767,gac,gat,Asp,Asp,0,2,NC_000962.3,5767,c,t,gyrB,synonymous_variant,Rv0005,c.528C>T,NP_214519.2,p.Asp176Asp
gyrB,Rv0005,gyrB_P177L,177,5769,ccc,ctc,Pro,Leu,0,5,NC_000962.3,5769,c,t,gyrB,missense_variant,Rv0005,c.530C>T,NP_214519.2,p.Pro177Leu
gyrB,Rv0005,gyrB_P177R,177,5769,ccc,cgc,Pro,Arg,0,3,NC_000962.3,5769,c,g,gyrB,missense_variant,Rv0005,c.530C>G,NP_214519.2,p.Pro177Arg
gyrB,Rv0005,gyrB_P177H,177,5769,ccc,cac,Pro,His,0,1,NC_000962.3,5769,c,a,gyrB,missense_variant,Rv0005,c.530C>A,NP_214519.2,p.Pro177His
gyrB,Rv0005,gyrB_P177P,177,5770,ccc,cct,Pro,Pro,0,8,NC_000962.3,5770,c,t,gyrB,synonymous_variant,Rv0005,c.531C>T,NP_214519.2,p.Pro177Pro
gyrB,Rv0005,gyrB_A178A,178,5773,gct,gcg,Ala,Ala,0,2,NC_000962.3,5773,t,g,gyrB,synonymous_variant,Rv0005,c.534T>G,NP_214519.2,p.Ala178Ala
gyrB,Rv0005,gyrB_E181G,181,5781,gaa,gga,Glu,Gly,0,2,NC_000962.3,5781,a,g,gyrB,missense_variant,Rv0005,c.542A>G,NP_214519.2,p.Glu181Gly
gyrB,Rv0005,gyrB_T182I,182,5784,acc,atc,Thr,Ile,2,0,NC_000962.3,5784,c,t,gyrB,missense_variant,Rv0005,c.545C>T,NP_214519.2,p.Thr182Ile
gyrB,Rv0005,gyrB_T182T,182,5785,acc,act,Thr,Thr,1,1,NC_000962.3,5785,c,t,gyrB,synonymous_variant,Rv0005,c.546C>T,NP_214519.2,p.Thr182Thr
gyrB,Rv0005,gyrB_T182T,182,5785,acc,acg,Thr,Thr,1,4,NC_000962.3,5785,c,g,gyrB,synonymous_variant,Rv0005,c.546C>G,NP_214519.2,p.Thr182Thr
gyrB,Rv0005,gyrB_T183T,183,5788,acg,aca,Thr,Thr,0,3,NC_000962.3,5788,g,a,gyrB,synonymous_variant,Rv0005,c.549G>A,NP_214519.2,p.Thr183Thr
gyrB,Rv0005,gyrB_F187F,187,5800,ttc,ttt,Phe,Phe,0,2,NC_000962.3,5800,c,t,gyrB,synonymous_variant,Rv0005,c.561C>T,NP_214519.2,p.Phe187Phe
gyrB,Rv0005,gyrB_T189P,189,5804,acc,ccc,Thr,Pro,0,2,NC_000962.3,5804,a,c,gyrB,missense_variant,Rv0005,c.565A>C,NP_214519.2,p.Thr189Pro
gyrB,Rv0005,gyrB_L194L,194,5821,ctg,ctc,Leu,Leu,0,2,NC_000962.3,5821,g,c,gyrB,synonymous_variant,Rv0005,c.582G>C,NP_214519.2,p.Leu194Leu
gyrB,Rv0005,gyrB_M197I,197,5830,atg,atc,Met,Ile,0,2,NC_000962.3,5830,g,c,gyrB,missense_variant,Rv0005,c.591G>C,NP_214519.2,p.Met197Ile
gyrB,Rv0005,gyrB_N201N,201,5842,aac,aat,Asn,Asn,0,6,NC_000962.3,5842,c,t,gyrB,synonymous_variant,Rv0005,c.603C>T,NP_214519.2,p.Asn201Asn
gyrB,Rv0005,gyrB_G203G,203,5848,ggg,gga,Gly,Gly,0,1,NC_000962.3,5848,g,a,gyrB,synonymous_variant,Rv0005,c.609G>A,NP_214519.2,p.Gly203Gly
gyrB,Rv0005,gyrB_L204M,204,5849,ctg,atg,Leu,Met,0,3,NC_000962.3,5849,c,a,gyrB,missense_variant,Rv0005,c.610C>A,NP_214519.2,p.Leu204Met
gyrB,Rv0005,gyrB_I206S,206,5856,atc,agc,Ile,Ser,0,2,NC_000962.3,5856,t,g,gyrB,missense_variant,Rv0005,c.617T>G,NP_214519.2,p.Ile206Ser
gyrB,Rv0005,gyrB_N207D,207,5858,aac,gac,Asn,Asp,0,1,NC_000962.3,5858,a,g,gyrB,missense_variant,Rv0005,c.619A>G,NP_214519.2,p.Asn207Asp
gyrB,Rv0005,gyrB_L208L,208,5863,ctg,ctt,Leu,Leu,0,5,NC_000962.3,5863,g,t,gyrB,synonymous_variant,Rv0005,c.624G>T,NP_214519.2,p.Leu208Leu
gyrB,Rv0005,gyrB_T209A,209,5864,acc,gcc,Thr,Ala,0,3,NC_000962.3,5864,a,g,gyrB,missense_variant,Rv0005,c.625A>G,NP_214519.2,p.Thr209Ala
gyrB,Rv0005,gyrB_R212T,212,5874,agg,acg,Arg,Thr,0,2,NC_000962.3,5874,g,c,gyrB,missense_variant,Rv0005,c.635G>C,NP_214519.2,p.Arg212Thr
gyrB,Rv0005,gyrB_T214T,214,5881,acc,acg,Thr,Thr,0,2,NC_000962.3,5881,c,g,gyrB,synonymous_variant,Rv0005,c.642C>G,NP_214519.2,p.Thr214Thr
gyrB,Rv0005,gyrB_D216G,216,5886,gac,ggc,Asp,Gly,0,2,NC_000962.3,5886,a,g,gyrB,missense_variant,Rv0005,c.647A>G,NP_214519.2,p.Asp216Gly
gyrB,Rv0005,gyrB_E217E,217,5890,gag,gaa,Glu,Glu,0,1,NC_000962.3,5890,g,a,gyrB,synonymous_variant,Rv0005,c.651G>A,NP_214519.2,p.Glu217Glu
gyrB,Rv0005,gyrB_D220E,220,5899,gac,gaa,Asp,Glu,0,2,NC_000962.3,5899,c,a,gyrB,missense_variant,Rv0005,c.660C>A,NP_214519.2,p.Asp220Glu
gyrB,Rv0005,gyrB_D220D,220,5899,gac,gat,Asp,Asp,0,6,NC_000962.3,5899,c,t,gyrB,synonymous_variant,Rv0005,c.660C>T,NP_214519.2,p.Asp220Asp
gyrB,Rv0005,gyrB_V222M,222,5903,gtg,atg,Val,Met,0,1,NC_000962.3,5903,g,a,gyrB,missense_variant,Rv0005,c.664G>A,NP_214519.2,p.Val222Met
gyrB,Rv0005,gyrB_V223V,223,5908,gtc,gtt,Val,Val,0,2,NC_000962.3,5908,c,t,gyrB,synonymous_variant,Rv0005,c.669C>T,NP_214519.2,p.Val223Val
gyrB,Rv0005,gyrB_D225G,225,5913,gac,ggc,Asp,Gly,0,4,NC_000962.3,5913,a,g,gyrB,missense_variant,Rv0005,c.674A>G,NP_214519.2,p.Asp225Gly
gyrB,Rv0005,gyrB_V226A,226,5916,gtc,gcc,Val,Ala,0,2,NC_000962.3,5916,t,c,gyrB,missense_variant,Rv0005,c.677T>C,NP_214519.2,p.Val226Ala
gyrB,Rv0005,gyrB_V226V,226,5917,gtc,gtt,Val,Val,1,7,NC_000962.3,5917,c,t,gyrB,synonymous_variant,Rv0005,c.678C>T,NP_214519.2,p.Val226Val
gyrB,Rv0005,gyrB_E228Q,228,5921,gag,cag,Glu,Gln,0,8,NC_000962.3,5921,g,c,gyrB,missense_variant,Rv0005,c.682G>C,NP_214519.2,p.Glu228Gln
gyrB,Rv0005,gyrB_E228D,228,5923,gag,gac,Glu,Asp,0,4,NC_000962.3,5923,g,c,gyrB,missense_variant,Rv0005,c.684G>C,NP_214519.2,p.Glu228Asp
gyrB,Rv0005,gyrB_K231K,231,5932,aag,aaa,Lys,Lys,0,2,NC_000962.3,5932,g,a,gyrB,synonymous_variant,Rv0005,c.693G>A,NP_214519.2,p.Lys231Lys
